Name,Priority,Action Tier,Why This Lead,Address,Website,Phone,Primary Email,Other Emails,Contact Form URL,Best Contact Method,Reachability Score,Contactable,Cluster Notes,Voicemail Script,Email Status,Email Source,Enrichment Notes,Email Rejection Reason,Outreach Readiness,Estimated Opportunity,Rating,Review Count,Score,Opportunity Type,Ownership,Why Now,Reason,Outreach Draft (customize before sending),Maps URL,Top Lead,Placeholders Remaining,Apollo Enrichment
--- HOW TO USE THIS PACK ---,,,,,,,,,,,,,,,,,,,,,,,,,,,,"BEFORE YOU SEND: Replace {{your_name}}, {{your_company}}, and {{your_credibility_line}} in every Outreach cell. Example credibility lines: ""I run a dental SEO agency and have worked with 12 practices in the last two years."" / ""I do paid ads for healthcare practices — my last dental client cut their cost-per-new-patient by 40%."" / ""I help local service businesses show up on Google Maps — dentistry is one of my specialties."" Sort by Priority (High first), then Score descending. Start with Email leads before Contact Form leads.",,No,,
Dental Smiles,High,Tier 1: Ready to Contact,Strong rating (4.9) with 365 reviews but no visible growth motion — ready for paid acquisition or conversion work. (High priority.),"1201 Barbara Jordan Blvd Ste 1435, Austin, TX 78723, USA",https://mydentalsmiles.com/,(512) 467-9955,info@mydentalsmiles.com,,https://mydentalsmiles.com/contact/,Email,3,Yes,,,Found,Hunter,Found via Hunter.io domain search (confidence 99),,High,Paid ads + local SEO growth ($5k-$20k/mo),4.9,365,58,Established Static,Independent,,Primary email on file.,"{{your_name}} here, from {{your_company}}. {{your_credibility_line}}

Maps lists about 4.9 stars and roughly 365 reviews in Austin with a site link on the profile. Does inbound still skew through the map entry versus typed search for you?

Reply 'yes' and I'll send a 2-minute Loom on the first change I'd test. No call required.

— {{your_name}}",https://maps.google.com/?cid=11611754677541690579,Yes,"{{your_name}}, {{your_company}}, {{your_credibility_line}}",
Breeze Dental,Low,Tier 1: Ready to Contact,Already dominant (1000 reviews) — not a growth pitch. Consider hiring-pipeline or referral-partnership angles instead. (Low priority.),"1601 S Lamar Blvd, Austin, TX 78704, USA",https://www.breezeoralcare.com/,(512) 745-8825,,,https://www.breezeoralcare.com/contact/,Contact Form,2,Yes,,,Contact Form Only,,,,Medium,Paid ads + local SEO growth ($5k-$20k/mo),4.8,1000,11,High Volume Saturation,Independent,,Very high review volume. Growth cold outreach is a poor fit. Use hiring or referral angle only. Contact form path on file.,"{{your_name}} here, from {{your_company}}. {{your_credibility_line}}

Roughly 1000 reviews show at about 4.8 stars. That reads as dominant social proof, so I skip the growth pitch. I only ask whether hiring or referral coordination is the next headache.

Reply 'yes' and I'll send a 2-minute Loom on the first change I'd test. No call required.

— {{your_name}}",https://maps.google.com/?cid=13307483850445296498,No,"{{your_name}}, {{your_company}}, {{your_credibility_line}}",
Smile 360,Medium,Tier 1: Ready to Contact,"Solid fundamentals (4.9 stars, 148 reviews) with room to convert local visibility into more bookings. (Medium priority.)","1509 S Lamar Blvd #675, Austin, TX 78704, USA",https://www.smile360atx.com/,(512) 444-4746,info@smile360atx.com,,,Email,2,Yes,,,Found,Hunter,Found via Hunter.io domain search (confidence 83),,High,Paid ads + local SEO growth ($5k-$20k/mo),4.9,148,54,General Growth,Independent,,Primary email on file.,"{{your_name}} here, from {{your_company}}. {{your_credibility_line}}

When you look at how you show up in Austin on Maps, what gap bothers you most between volume and what the listing says?

Reply 'yes' and I'll send a 2-minute Loom on the first change I'd test. No call required.

— {{your_name}}",https://maps.google.com/?cid=13930781606449399080,No,"{{your_name}}, {{your_company}}, {{your_credibility_line}}",
Treaty Oak Dental,Medium,Tier 1: Ready to Contact,"Solid fundamentals (4.8 stars, 171 reviews) with room to convert local visibility into more bookings. (Medium priority.)","2905 San Gabriel St #202, Austin, TX 78705, USA",https://treatyoakdental.com/,(512) 478-4411,office@treatyoakdental.com,,,Email,2,Yes,,,Found,Hunter,Found via Hunter.io domain search (confidence 99),,High,Paid ads + local SEO growth ($5k-$20k/mo),4.8,171,54,General Growth,Independent,,Primary email on file.,"{{your_name}} here, from {{your_company}}. {{your_credibility_line}}

I try to ground this in public fields only. About 4.8 stars and roughly 171 reviews show on the listing in Austin. What would you change first if you had to pick one lever?

Reply 'yes' and I'll send a 2-minute Loom on the first change I'd test. No call required.

— {{your_name}}",https://maps.google.com/?cid=18199535906534704674,No,"{{your_name}}, {{your_company}}, {{your_credibility_line}}",
Arboretum & Westlake Orthodontics,Medium,Tier 1: Ready to Contact,Early-stage practice with only 54 reviews — visibility and reputation-building is the immediate unlock. (Medium priority.),"11410 Jollyville Rd Suite 2102, Austin, TX 78759, USA",https://www.rouchortho.com/,(512) 338-1118,info@rouchortho.com,contactinfo@rouchortho.com,https://rouchortho.com/contact,Email,3,Yes,,,Found,Mailto,,,High,General patient growth opportunity ($3k-$12k/mo),4.9,54,53,Newer Unknown,Independent,,Primary email on file.,"{{your_name}} here, from {{your_company}}. {{your_credibility_line}}

The listing in Austin lists roughly 54 reviews and a website field. Is the gap you feel more about visibility or about trust once people click through?

Reply 'yes' and I'll send a 2-minute Loom on the first change I'd test. No call required.

— {{your_name}}",https://maps.google.com/?cid=3005761529594048489,No,"{{your_name}}, {{your_company}}, {{your_credibility_line}}",
Toothbar,Medium,Tier 1: Ready to Contact,Strong rating (4.9) with 734 reviews but no visible growth motion — ready for paid acquisition or conversion work. (Medium priority.),"211 Walter Seaholm Dr LR 160, Austin, TX 78701, USA",https://www.toothbar.com/,(512) 607-4268,info@toothbar.com,,https://toothbar.com/contact/,Email,3,Yes,,,Found,Website,,,High,Paid ads + local SEO growth ($5k-$20k/mo),4.9,734,53,Established Static,Independent,,Primary email on file.,"{{your_name}} here, from {{your_company}}. {{your_credibility_line}}

Google shows roughly 734 reviews at about 4.9 stars in Austin plus a website field. Does that snapshot line up with how busy the phones have felt lately?

Reply 'yes' and I'll send a 2-minute Loom on the first change I'd test. No call required.

— {{your_name}}",https://maps.google.com/?cid=3486459572745613600,No,"{{your_name}}, {{your_company}}, {{your_credibility_line}}",
Bala Smiles Orthodontics,Medium,Tier 1: Ready to Contact,Early-stage practice with only 62 reviews — visibility and reputation-building is the immediate unlock. (Medium priority.),"3421 W William Cannon Dr #143, Austin, TX 78745, USA",http://balasmilesortho.com/,(512) 764-9686,info@balasmilesortho.com,,https://balasmilesortho.com/contact-us/,Email,3,Yes,,,Found,Mailto,,,High,General patient growth opportunity ($3k-$12k/mo),4.9,62,53,Newer Unknown,Independent,,Primary email on file.,"{{your_name}} here, from {{your_company}}. {{your_credibility_line}}

Public review count is still light at roughly 62 in Austin. The listing includes a website URL, but the review total is below what many nearby general practices show on Maps.

Reply 'yes' and I'll send a 2-minute Loom on the first change I'd test. No call required.

— {{your_name}}",https://maps.google.com/?cid=15184957368854119227,No,"{{your_name}}, {{your_company}}, {{your_credibility_line}}",
38th Street Dental,Medium,Tier 1: Ready to Contact,Strong rating (5) with 736 reviews but no visible growth motion — ready for paid acquisition or conversion work. (Medium priority.),"1500 W 38th St Ste 56, Austin, TX 78731, USA",https://www.myaustindds.com/,(737) 260-5523,,,https://www.myaustindds.com/contact/,Contact Form,2,Yes,Shared address with: Widner Elite Oral Surgery & Dental Implants; Austin City Dental,,Contact Form Only,,,,Medium,Paid ads + local SEO growth ($5k-$20k/mo),5,736,53,Established Static,Independent,,Contact form path on file.,"{{your_name}} here, from {{your_company}}. {{your_credibility_line}}

Google shows roughly 736 reviews at about 5 stars in Austin plus a website field. Does that snapshot line up with how busy the phones have felt lately?

Reply 'yes' and I'll send a 2-minute Loom on the first change I'd test. No call required.

— {{your_name}}",https://maps.google.com/?cid=7257439406780803778,No,"{{your_name}}, {{your_company}}, {{your_credibility_line}}",
My Care Dental,Medium,Tier 1: Ready to Contact,Strong rating (5) with 748 reviews but no visible growth motion — ready for paid acquisition or conversion work. (Medium priority.),"2501 W Parmer Ln Ste 800, Austin, TX 78727, USA",https://www.mycaredentals.com/,(512) 590-6634,,,https://www.mycaredentals.com/contact-us/,Contact Form,2,Yes,,,Contact Form Only,,,,Medium,Paid ads + local SEO growth ($5k-$20k/mo),5,748,53,Established Static,Independent,,Contact form path on file.,"{{your_name}} here, from {{your_company}}. {{your_credibility_line}}

Quick question. Your Maps listing in Austin shows about 5 stars from roughly 748 reviews, and the public fields include a website URL. When someone opens the profile, is that star line what they cite first?

Reply 'yes' and I'll send a 2-minute Loom on the first change I'd test. No call required.

— {{your_name}}",https://maps.google.com/?cid=11633778996429901097,No,"{{your_name}}, {{your_company}}, {{your_credibility_line}}",
South Austin Dental Implant Studio,Low,Tier 1: Ready to Contact,Strong rating (4.8) with 348 reviews but no visible growth motion — ready for paid acquisition or conversion work. (Low priority.),"1221 W Ben White Blvd #212a, Austin, TX 78704, USA",https://southaustinimplants.com/,(737) 363-4002,info@southaustinimplants.com,,,Email,2,Yes,Shared address with: Sunset Hills Dentistry,,Found,Mailto,,,High,Paid ads + local SEO growth ($5k-$20k/mo),4.8,348,40,Established Static,Independent,,Co-located listing in this export. Demoted so you do not double-contact the same address.,"{{your_name}} here, from {{your_company}}. {{your_credibility_line}}

Google shows roughly 348 reviews at about 4.8 stars in Austin plus a website field. Does that snapshot line up with how busy the phones have felt lately?

Reply 'yes' and I'll send a 2-minute Loom on the first change I'd test. No call required.

— {{your_name}}",https://maps.google.com/?cid=6030788930618935822,No,"{{your_name}}, {{your_company}}, {{your_credibility_line}}",